{
    "Completed_timestamp": "2022-07-20T14:25:18.374202+08:00",
    "Labels": [
        {
            "Label": "pmd",
            "Instances": [
                {
                    "BoundingBox": {
                        "Width": 0.0693359375,
                        "Height": 0.48655913978494625,
                        "Left": 0.7548828125,
                        "Top": 0.25
                    },
                    "Confidence": 0.9957051873207092
                }
            ]
        },
        {
            "Label": "bicycle",
            "Instances": [
                {
                    "BoundingBox": {
                        "Width": 0.0693359375,
                        "Height": 0.41397849462365593,
                        "Left": 0.8759765625,
                        "Top": 0.30913978494623656
                    },
                    "Confidence": 0.9821617007255554
                },
                {
                    "BoundingBox": {
                        "Width": 0.041015625,
                        "Height": 0.3010752688172043,
                        "Left": 0.845703125,
                        "Top": 0.3010752688172043
                    },
                    "Confidence": 0.7819323539733887
                }
            ]
        },
        {
            "Label": "person",
            "Instances": [
                {
                    "BoundingBox": {
                        "Width": 0.080078125,
                        "Height": 0.6935483870967742,
                        "Left": 0.5947265625,
                        "Top": 0.18548387096774194
                    },
                    "Confidence": 0.786834716796875
                }
            ]
        }
    ]
}
